{"center_x": 12642519.156561358, "center_y": 2529206.4716063375, "crs": "EPSG:3857", "dominant_c_mapping": [1, 3, 2, 4, 5]}